{"acc": 0.8085884369579305, "loss": 0.16172146226468662, "_timestamp": 1725875484.671104, "_runtime": 2.3993709087371826, "_step": 7, "_wandb": {"runtime": 2}}